{
  "N": 200,
  "x": [
    0.0,
    0.03157379551346526,
    0.06314759102693052,
    0.09472138654039577,
    0.12629518205386103,
    0.1578689775673263,
    0.18944277308079155,
    0.2210165685942568,
    0.25259036410772207,
    0.2841641596211873,
    0.3157379551346526,
    0.3473117506481178,
    0.3788855461615831,
    0.41045934167504833,
    0.4420331371885136,
    0.47360693270197884,
    0.5051807282154441,
    0.5367545237289094,
    0.5683283192423746,
    0.5999021147558399,
    0.6314759102693052,
    0.6630497057827704,
    0.6946235012962356,
    0.7261972968097009,
    0.7577710923231662,
    0.7893448878366315,
    0.8209186833500967,
    0.8524924788635619,
    0.8840662743770272,
    0.9156400698904925,
    0.9472138654039577,
    0.978787660917423,
    1.0103614564308883,
    1.0419352519443534,
    1.0735090474578188,
    1.105082842971284,
    1.1366566384847492,
    1.1682304339982146,
    1.1998042295116798,
    1.2313780250251452,
    1.2629518205386103,
    1.2945256160520755,
    1.326099411565541,
    1.357673207079006,
    1.3892470025924712,
    1.4208207981059366,
    1.4523945936194018,
    1.483968389132867,
    1.5155421846463324,
    1.5471159801597976,
    1.578689775673263,
    1.6102635711867281,
    1.6418373667001933,
    1.6734111622136587,
    1.7049849577271239,
    1.736558753240589,
    1.7681325487540545,
    1.7997063442675196,
    1.831280139780985,
    1.8628539352944502,
    1.8944277308079154,
    1.9260015263213808,
    1.957575321834846,
    1.9891491173483111,
    2.0207229128617765,
    2.0522967083752417,
    2.083870503888707,
    2.115444299402172,
    2.1470180949156377,
    2.178591890429103,
    2.210165685942568,
    2.241739481456033,
    2.2733132769694984,
    2.304887072482964,
    2.336460867996429,
    2.3680346635098943,
    2.3996084590233595,
    2.4311822545368247,
    2.4627560500502903,
    2.4943298455637555,
    2.5259036410772207,
    2.557477436590686,
    2.589051232104151,
    2.620625027617616,
    2.652198823131082,
    2.683772618644547,
    2.715346414158012,
    2.7469202096714773,
    2.7784940051849425,
    2.810067800698408,
    2.8416415962118733,
    2.8732153917253385,
    2.9047891872388036,
    2.936362982752269,
    2.967936778265734,
    2.9995105737791996,
    3.031084369292665,
    3.06265816480613,
    3.094231960319595,
    3.1258057558330603,
    3.157379551346526,
    3.188953346859991,
    3.2205271423734563,
    3.2521009378869215,
    3.2836747334003866,
    3.3152485289138522,
    3.3468223244273174,
    3.3783961199407826,
    3.4099699154542478,
    3.441543710967713,
    3.473117506481178,
    3.5046913019946437,
    3.536265097508109,
    3.567838893021574,
    3.5994126885350393,
    3.6309864840485044,
    3.66256027956197,
    3.6941340750754352,
    3.7257078705889004,
    3.7572816661023656,
    3.7888554616158308,
    3.820429257129296,
    3.8520030526427615,
    3.8835768481562267,
    3.915150643669692,
    3.946724439183157,
    3.9782982346966222,
    4.009872030210087,
    4.041445825723553,
    4.073019621237018,
    4.104593416750483,
    4.136167212263949,
    4.167741007777414,
    4.199314803290879,
    4.230888598804344,
    4.26246239431781,
    4.294036189831275,
    4.32560998534474,
    4.357183780858206,
    4.38875757637167,
    4.420331371885136,
    4.451905167398602,
    4.483478962912066,
    4.515052758425532,
    4.546626553938997,
    4.578200349452462,
    4.609774144965928,
    4.641347940479393,
    4.672921735992858,
    4.704495531506323,
    4.736069327019789,
    4.767643122533254,
    4.799216918046719,
    4.830790713560185,
    4.862364509073649,
    4.893938304587115,
    4.925512100100581,
    4.957085895614045,
    4.988659691127511,
    5.020233486640976,
    5.051807282154441,
    5.083381077667906,
    5.114954873181372,
    5.146528668694837,
    5.178102464208302,
    5.209676259721768,
    5.241250055235232,
    5.272823850748698,
    5.304397646262164,
    5.335971441775628,
    5.367545237289094,
    5.399119032802559,
    5.430692828316024,
    5.46226662382949,
    5.493840419342955,
    5.52541421485642,
    5.556988010369885,
    5.588561805883351,
    5.620135601396816,
    5.651709396910281,
    5.683283192423747,
    5.714856987937211,
    5.746430783450677,
    5.7780045789641425,
    5.809578374477607,
    5.841152169991073,
    5.872725965504538,
    5.904299761018003,
    5.935873556531468,
    5.967447352044934,
    5.999021147558399,
    6.030594943071864,
    6.06216873858533,
    6.093742534098794,
    6.12531632961226,
    6.1568901251257255,
    6.18846392063919,
    6.220037716152656,
    6.251611511666121,
    6.283185307179586
  ],
  "K": 4,